
{
  "columns": [
    "temperature",
    "humidity",
    "wind_speed",
    "UVA",
    "AOD",
    "sex",
    "age",
    "height",
    "weight",
    "BMI"
  ],
  "formulas": {
    "comfort_temperature": {
      "intercept": 0.64890625,
      "coefficients": {
        "temperature": -0.11367436633987044,
        "humidity": 0.006830875370136106,
        "wind_speed": -0.0011550603826913342,
        "UVA": 0.002197828133733751,
        "AOD": 0.010385436939777849,
        "sex": -0.0029460928387348316,
        "age": -0.028074665059557878,
        "height": -0.029416961346821667,
        "weight": 0.05111331370943813,
        "BMI": -0.06458948351111614
      },
      "scaling_params": {
        "temperature": {
          "mean": 24.6548125,
          "std": 8.470899559069494
        },
        "humidity": {
          "mean": 54.653875000000006,
          "std": 20.132311031880445
        },
        "wind_speed": {
          "mean": 7.4843125,
          "std": 4.372946392576035
        },
        "UVA": {
          "mean": 5.976875,
          "std": 3.515674221877647
        },
        "AOD": {
          "mean": 0.5444125,
          "std": 0.2705640494296129
        },
        "sex": {
          "mean": 0.511875,
          "std": 0.4998589644839832
        },
        "age": {
          "mean": 50.495,
          "std": 19.056855065828675
        },
        "height": {
          "mean": 170.0171875,
          "std": 9.857252956064572
        },
        "weight": {
          "mean": 69.79162500000001,
          "std": 15.097454002558676
        },
        "BMI": {
          "mean": 24.3778125,
          "std": 5.925746911980274
        }
      }
    },
    "comfort_humidity": {
      "intercept": 0.6361049999999999,
      "coefficients": {
        "temperature": -0.005279085835113508,
        "humidity": -0.0972569607596803,
        "wind_speed": 0.004332306514231056,
        "UVA": 0.0011071871955532983,
        "AOD": -0.002451918234603864,
        "sex": 0.00028678151113932515,
        "age": -0.0003993582787401931,
        "height": -0.052156281091952916,
        "weight": 0.09775277427916437,
        "BMI": -0.1275993161152679
      },
      "scaling_params": {
        "temperature": {
          "mean": 24.6548125,
          "std": 8.470899559069494
        },
        "humidity": {
          "mean": 54.653875000000006,
          "std": 20.132311031880445
        },
        "wind_speed": {
          "mean": 7.4843125,
          "std": 4.372946392576035
        },
        "UVA": {
          "mean": 5.976875,
          "std": 3.515674221877647
        },
        "AOD": {
          "mean": 0.5444125,
          "std": 0.2705640494296129
        },
        "sex": {
          "mean": 0.511875,
          "std": 0.4998589644839832
        },
        "age": {
          "mean": 50.495,
          "std": 19.056855065828675
        },
        "height": {
          "mean": 170.0171875,
          "std": 9.857252956064572
        },
        "weight": {
          "mean": 69.79162500000001,
          "std": 15.097454002558676
        },
        "BMI": {
          "mean": 24.3778125,
          "std": 5.925746911980274
        }
      }
    },
    "comfort_wind": {
      "intercept": 0.605284375,
      "coefficients": {
        "temperature": -0.00020212160041431398,
        "humidity": -0.0009833180541752966,
        "wind_speed": -0.23900973731973954,
        "UVA": -0.0006545709214047356,
        "AOD": -0.0016074339027332503,
        "sex": -0.0013583511622715693,
        "age": 0.0012229905749514183,
        "height": -0.0047437055623018795,
        "weight": 0.041075764206486724,
        "BMI": -0.037158239184445684
      },
      "scaling_params": {
        "temperature": {
          "mean": 24.6548125,
          "std": 8.470899559069494
        },
        "humidity": {
          "mean": 54.653875000000006,
          "std": 20.132311031880445
        },
        "wind_speed": {
          "mean": 7.4843125,
          "std": 4.372946392576035
        },
        "UVA": {
          "mean": 5.976875,
          "std": 3.515674221877647
        },
        "AOD": {
          "mean": 0.5444125,
          "std": 0.2705640494296129
        },
        "sex": {
          "mean": 0.511875,
          "std": 0.4998589644839832
        },
        "age": {
          "mean": 50.495,
          "std": 19.056855065828675
        },
        "height": {
          "mean": 170.0171875,
          "std": 9.857252956064572
        },
        "weight": {
          "mean": 69.79162500000001,
          "std": 15.097454002558676
        },
        "BMI": {
          "mean": 24.3778125,
          "std": 5.925746911980274
        }
      }
    },
    "comfort_UVA": {
      "intercept": 0.45534375,
      "coefficients": {
        "temperature": 0.00030573848957749856,
        "humidity": 0.00045189722017294903,
        "wind_speed": -0.00011903162641832901,
        "UVA": -0.2893774360247761,
        "AOD": 0.0002677220746154078,
        "sex": 0.04767353441486765,
        "age": 0.00018987767374403254,
        "height": 0.0006224414377051391,
        "weight": -0.0016034711491893158,
        "BMI": 0.002148574119894619
      },
      "scaling_params": {
        "temperature": {
          "mean": 24.6548125,
          "std": 8.470899559069494
        },
        "humidity": {
          "mean": 54.653875000000006,
          "std": 20.132311031880445
        },
        "wind_speed": {
          "mean": 7.4843125,
          "std": 4.372946392576035
        },
        "UVA": {
          "mean": 5.976875,
          "std": 3.515674221877647
        },
        "AOD": {
          "mean": 0.5444125,
          "std": 0.2705640494296129
        },
        "sex": {
          "mean": 0.511875,
          "std": 0.4998589644839832
        },
        "age": {
          "mean": 50.495,
          "std": 19.056855065828675
        },
        "height": {
          "mean": 170.0171875,
          "std": 9.857252956064572
        },
        "weight": {
          "mean": 69.79162500000001,
          "std": 15.097454002558676
        },
        "BMI": {
          "mean": 24.3778125,
          "std": 5.925746911980274
        }
      }
    },
    "comfort_AOD": {
      "intercept": 0.422675,
      "coefficients": {
        "temperature": 0.0004380361163837306,
        "humidity": -0.0009322898009924106,
        "wind_speed": -0.0007546132248662718,
        "UVA": -0.000648534884332972,
        "AOD": -0.26665812851694826,
        "sex": -5.8457309807594116e-06,
        "age": -0.03723774410857881,
        "height": 0.002513702481245569,
        "weight": -0.004345580510556016,
        "BMI": 0.005095545951819286
      },
      "scaling_params": {
        "temperature": {
          "mean": 24.6548125,
          "std": 8.470899559069494
        },
        "humidity": {
          "mean": 54.653875000000006,
          "std": 20.132311031880445
        },
        "wind_speed": {
          "mean": 7.4843125,
          "std": 4.372946392576035
        },
        "UVA": {
          "mean": 5.976875,
          "std": 3.515674221877647
        },
        "AOD": {
          "mean": 0.5444125,
          "std": 0.2705640494296129
        },
        "sex": {
          "mean": 0.511875,
          "std": 0.4998589644839832
        },
        "age": {
          "mean": 50.495,
          "std": 19.056855065828675
        },
        "height": {
          "mean": 170.0171875,
          "std": 9.857252956064572
        },
        "weight": {
          "mean": 69.79162500000001,
          "std": 15.097454002558676
        },
        "BMI": {
          "mean": 24.3778125,
          "std": 5.925746911980274
        }
      }
    }
  },